"Reference","Qty","Value","DNP","Exclude from BOM","Exclude from Board","Footprint","Datasheet"
"C1,C2,C3,C4,C6,C11,C14,C17,C24,C25,C26,C28,C29,C30,C31,C32,C33,C61,C62,C63","20","100nF","","","","Capacitor_SMD:C_0805_2012Metric",""
"C5","1","10µF","","","","Capacitor_SMD:C_0805_2012Metric",""
"C7,C16,C41,C42,C47,C48,C49,C50","8","1µF","","","","Capacitor_SMD:C_0805_2012Metric",""
"C8","1","10nF","","","","Capacitor_SMD:C_0805_2012Metric",""
"C9,C10","2","47µF","","","","Capacitor_SMD:C_0805_2012Metric",""
"C12,C13,C44,C45,C46","5","22µF","","","","Capacitor_SMD:C_0805_2012Metric",""
"C15","1","470µF","","","","Capacitor_SMD:C_Elec_10x10.2",""
"C34,C35,C36","3","100µF","","","","Capacitor_SMD:C_0805_2012Metric",""
"C38,C40,C51","3","47nF","","","","Capacitor_SMD:C_0805_2012Metric",""
"C52,C53,C54,C55,C56,C57,C58,C59,C60","9","4.7nF","","","","Capacitor_SMD:C_0805_2012Metric",""
"D1","1","BLUE","","","","LED_SMD:LED_0603_1608Metric",""
"D2,D3,D5,D7,D8,D9","6","RED","","","","LED_SMD:LED_0603_1608Metric",""
"D4","1","SMBJ15A","","","","Arach9_FP:DIOM5436X261N","https://m.littelfuse.com/~/media/electronics/datasheets/tvs_diodes/littelfuse_tvs_diode_smbj_datasheet.pdf.pdf"
"F1","1","Fuse_Small","","","","Arach9_FP:FUSC6125X236N",""
"FB1","1","xx","","","","Inductor_SMD:L_0805_2012Metric",""
"IC1,IC2,IC3","3","DRV8316CRRGFR","","","","Arach9_FP:QFN50P500X700X100-41N-D","https://www.ti.com/lit/ds/symlink/drv8316c.pdf?ts=1697322144046&ref_url=https%253A%252F%252Fwww.ti.com%252Fproduct%252FDRV8316C"
"J1,J2,J3,J7,J8,J9,J11","7","Conn_01x02","","","","Connector_JST:JST_PH_B2B-PH-K_1x02_P2.00mm_Vertical",""
"J4,J13,J16","3","Conn_01x03","","","","Connector_JST:JST_PH_B3B-PH-K_1x03_P2.00mm_Vertical",""
"J5,J10,J12","3","Conn_01x06","","","","Connector_JST:JST_PH_B6B-PH-K_1x06_P2.00mm_Vertical",""
"J6","1","Conn_ST_STDC14","","","","Connector_PinHeader_1.27mm:PinHeader_2x07_P1.27mm_Vertical","https://www.st.com/content/ccc/resource/technical/document/user_manual/group1/99/49/91/b6/b2/3a/46/e5/DM00526767/files/DM00526767.pdf/jcr:content/translations/en.DM00526767.pdf"
"J14","1","Conn_01x04","","","","Connector_JST:JST_PH_B4B-PH-K_1x04_P2.00mm_Vertical",""
"J17","1","Conn_01x02","","","","Arach9_FP:XT30UPBF",""
"JP1","1","Jumper_2_Open","","","","Connector_PinHeader_2.54mm:PinHeader_1x02_P2.54mm_Vertical",""
"L1","1","10µF","","","","Inductor_SMD:L_7.3x7.3_H4.5",""
"R1,R2,R3,R11,R12,R13,R32,R33,R34","9","10kΩ","","","","Resistor_SMD:R_0805_2012Metric",""
"R4,R5,R7,R8,R18,R19,R25","7","150Ω","","","","Resistor_SMD:R_0805_2012Metric",""
"R6","1","120Ω","","","","Resistor_SMD:R_0805_2012Metric",""
"R14,R15,R16","3","22Ω","","","","Resistor_SMD:R_0805_2012Metric",""
"R17,R21,R28","3","5.1kΩ","","","","Resistor_SMD:R_0805_2012Metric",""
"R20,R22,R23,R24,R26,R27,R29,R30,R31","9","100Ω","","","","Resistor_SMD:R_0805_2012Metric",""
"TP32,TP33,TP34,TP35,TP36,TP37,TP38,TP39,TP40,TP41,TP42,TP43,TP44,TP49,TP50,TP51,TP52,TP54,TP55,TP59,TP60,TP61,TP62,TP63,TP64,TP65,TP66,TP67,TP68,TP69,TP70,TP71,TP72,TP73","34","TestPoint","","","","TestPoint:TestPoint_Pad_1.0x1.0mm",""
"U1","1","STM32G431RBTx","","","","Package_QFP:LQFP-64_10x10mm_P0.5mm","https://www.st.com/resource/en/datasheet/stm32g431rb.pdf"
"U2","1","AP63203WU","","","","Package_TO_SOT_SMD:TSOT-23-6","https://www.diodes.com/assets/Datasheets/AP63200-AP63201-AP63203-AP63205.pdf"
"U3","1","SN65HVD230","","","","Package_SO:SOIC-8_3.9x4.9mm_P1.27mm","http://www.ti.com/lit/ds/symlink/sn65hvd230.pdf"
